project,commit_hash,patch_generated,detected_cwe,patch_applied,patch_location,patch_lines,patched_repo_path,error_message,generated_patch,ground_truth
tcpdump,5d340a5ca6e420a70297cdbdf777333f18bfdab7,True,CWE-119,True,print-cfm.c,218-253,C:\Users\miran\Downloads\RAG_for_vul_repair\data\patched_repos\tcpdump5d340a5ca6e420a70297cdbdf777333f18bfdab7_patched_20250627_152302,,"static int
cfm_network_addr_print(netdissect_options *ndo,
                       register const u_char *tptr)
{
    u_int network_addr_type;
    u_int hexdump = FALSE;

    if (tptr == NULL) {
        return hexdump; // Handle null pointer
    }

    ND_TCHECK(*tptr); // Check if we can safely dereference tptr
    network_addr_type = *tptr;

    ND_PRINT((ndo, ""\n\t  Network Address Type %s (%u)"",
              tok2str(af_values, ""Unknown"", network_addr_type),
              network_addr_type));

    switch (network_addr_type) {
    case AFNUM_INET:
        ND_TCHECK2(*(tptr + 1), sizeof(struct in_addr)); // Ensure enough space for IPv4
        ND_PRINT((ndo, "", %s"", ipaddr_string(ndo, tptr + 1)));
        break;

    case AFNUM_INET6:
        ND_TCHECK2(*(tptr + 1), sizeof(struct in6_addr)); // Ensure enough space for IPv6
        ND_PRINT((ndo, "", %s"", ip6addr_string(ndo, tptr + 1)));
        break;

    default:
        hexdump = TRUE;
        break;
    }

    return hexdump;
}"," cfm_network_addr_print(netdissect_options *ndo,
                       register const u_char *tptr, const u_int length)
 {
     u_int network_addr_type;
     u_int hexdump =  FALSE;

    /*
     * Altough AFIs are tpically 2 octects wide,
      * 802.1ab specifies that this field width
      * is only once octet
      */
    if (length < 1) {
        ND_PRINT((ndo, ""\n\t  Network Address Type (invalid, no data""));
        return hexdump;
    }
    /* The calling function must make any due ND_TCHECK calls. */
     network_addr_type = *tptr;
     ND_PRINT((ndo, ""\n\t  Network Address Type %s (%u)"",
            tok2str(af_values, ""Unknown"", network_addr_type),
           network_addr_type));

    /*
     * Resolve the passed in Address.
      */
     switch(network_addr_type) {
     case AFNUM_INET:
        if (length != 1 + 4) {
            ND_PRINT((ndo, ""(invalid IPv4 address length %u)"", length - 1));
            hexdump = TRUE;
            break;
        }
         ND_PRINT((ndo, "", %s"", ipaddr_string(ndo, tptr + 1)));
         break;
 
     case AFNUM_INET6:
        if (length != 1 + 16) {
            ND_PRINT((ndo, ""(invalid IPv6 address length %u)"", length - 1));
            hexdump = TRUE;
            break;
        }
         ND_PRINT((ndo, "", %s"", ip6addr_string(ndo, tptr + 1)));
         break;
 
    default:
        hexdump = TRUE;
        break;
    }

    return hexdump;
}
"
tcpdump,1dcd10aceabbc03bf571ea32b892c522cbe923de,True,CWE-119,True,print-isoclns.c,672-728,C:\Users\miran\Downloads\RAG_for_vul_repair\data\patched_repos\tcpdump1dcd10aceabbc03bf571ea32b892c522cbe923de_patched_20250627_152333,,"void
isoclns_print(netdissect_options *ndo,
              const uint8_t *p, u_int length, u_int caplen)
{
    if (caplen < 2 || length < 1) { /* enough bytes on the wire ? */
        ND_PRINT((ndo, ""|OSI""));
        return;
    }

    ND_TCHECK(*p);
    if (ndo->ndo_eflag)
        ND_PRINT((ndo, ""OSI NLPID %s (0x%02x): "", tok2str(nlpid_values, ""Unknown"", *p), *p));

    switch (*p) {
    case NLPID_CLNP:
        if (!clnp_print(ndo, p, length))
            print_unknown_data(ndo, p, ""\n\t"", caplen);
        break;

    case NLPID_ESIS:
        esis_print(ndo, p, length);
        return;

    case NLPID_ISIS:
        if (!isis_print(ndo, p, length))
            print_unknown_data(ndo, p, ""\n\t"", caplen);
        break;

    case NLPID_NULLNS:
        ND_PRINT((ndo, ""%slength: %u"", ndo->ndo_eflag ? """" : "", "", length));
        break;

    case NLPID_Q933:
        if (length > 1)
            q933_print(ndo, p + 1, length - 1);
        break;

    case NLPID_IP:
        if (length > 1)
            ip_print(ndo, p + 1, length - 1);
        break;

    case NLPID_IP6:
        if (length > 1)
            ip6_print(ndo, p + 1, length - 1);
        break;

    case NLPID_PPP:
        if (length > 1)
            ppp_print(ndo, p + 1, length - 1);
        break;

    default:
        if (!ndo->ndo_eflag)
            ND_PRINT((ndo, ""OSI NLPID 0x%02x unknown"", *p));
        ND_PRINT((ndo, ""%slength: %u"", ndo->ndo_eflag ? """" : "", "", length));
        if (caplen > 1)
            print_unknown_data(ndo, p, ""\n\t"", caplen);
        break;
    }
}","isoclns_print(netdissect_options *ndo,
isoclns_print(netdissect_options *ndo, const uint8_t *p, u_int length)
 {
	if (!ND_TTEST(*p)) { /* enough bytes on the wire ? */
 		ND_PRINT((ndo, ""|OSI""));
 		return;
 	}

	if (ndo->ndo_eflag)
		ND_PRINT((ndo, ""OSI NLPID %s (0x%02x): "", tok2str(nlpid_values, ""Unknown"", *p), *p));

	switch (*p) {
 
 	case NLPID_CLNP:
 		if (!clnp_print(ndo, p, length))
			print_unknown_data(ndo, p, ""\n\t"", length);
 		break;
 
 	case NLPID_ESIS:
		esis_print(ndo, p, length);
		return;
 
 	case NLPID_ISIS:
 		if (!isis_print(ndo, p, length))
			print_unknown_data(ndo, p, ""\n\t"", length);
 		break;
 
 	case NLPID_NULLNS:
		ND_PRINT((ndo, ""%slength: %u"", ndo->ndo_eflag ? """" : "", "", length));
		break;

	case NLPID_Q933:
		q933_print(ndo, p + 1, length - 1);
		break;

	case NLPID_IP:
		ip_print(ndo, p + 1, length - 1);
		break;

	case NLPID_IP6:
		ip6_print(ndo, p + 1, length - 1);
		break;

	case NLPID_PPP:
		ppp_print(ndo, p + 1, length - 1);
		break;

	default:
 		if (!ndo->ndo_eflag)
 			ND_PRINT((ndo, ""OSI NLPID 0x%02x unknown"", *p));
 		ND_PRINT((ndo, ""%slength: %u"", ndo->ndo_eflag ? """" : "", "", length));
		if (length > 1)
			print_unknown_data(ndo, p, ""\n\t"", length);
 		break;
 	}
 }
"
libbsd,c8f0723d2b4520bdd6b9eb7c3e7976de726d7ff7,True,CWE-776,False,N/A,N/A,N/A,Failed to find function location in repository,"fgetwln(FILE *stream, size_t *lenp)
{
	struct filewbuf *fb;
	wint_t wc;
	size_t wused = 0;

	fb = &fb_pool[fb_pool_cur];
	if (fb->fp != stream && fb->fp != NULL) {
		fb_pool_cur++;
		fb_pool_cur %= FILEWBUF_POOL_ITEMS;
		fb = &fb_pool[fb_pool_cur];
	}
	fb->fp = stream;

	while ((wc = fgetwc(stream)) != WEOF) {
		if (wused >= fb->len) {
			wchar_t *wp;
			size_t new_len = (fb->len == 0) ? FILEWBUF_INIT_LEN : fb->len * 2;

			if (new_len < wused) {
				wused = 0;
				break;
			}

			wp = reallocarray(fb->wbuf, new_len, sizeof(wchar_t));
			if (wp == NULL) {
				wused = 0;
				break;
			}
			fb->wbuf = wp;
			fb->len = new_len;
		}

		fb->wbuf[wused++] = wc;

		if (wc == L'\n')
			break;
	}

	*lenp = wused;
	return wused ? fb->wbuf : NULL;
}","fgetwln(FILE *stream, size_t *lenp)
{
	struct filewbuf *fb;
	wint_t wc;
	size_t wused = 0;

	/* Try to diminish the possibility of several fgetwln() calls being
	 * used on different streams, by using a pool of buffers per file. */
	fb = &fb_pool[fb_pool_cur];
	if (fb->fp != stream && fb->fp != NULL) {
		fb_pool_cur++;
		fb_pool_cur %= FILEWBUF_POOL_ITEMS;
		fb = &fb_pool[fb_pool_cur];
	}
 	fb->fp = stream;
 
 	while ((wc = fgetwc(stream)) != WEOF) {
		if (!fb->len || wused >= fb->len) {
 			wchar_t *wp;
 
 			if (fb->len)
				fb->len *= 2;
			else
				fb->len = FILEWBUF_INIT_LEN;

			wp = reallocarray(fb->wbuf, fb->len, sizeof(wchar_t));
			if (wp == NULL) {
				wused = 0;
				break;
			}
			fb->wbuf = wp;
		}

		fb->wbuf[wused++] = wc;

		if (wc == L'\n')
			break;
	}

	*lenp = wused;
	return wused ? fb->wbuf : NULL;
}
"
