project,vulnerable_function,detected_cwe,vulnerability_summary,agent_generated_patch,vanilla_llm_patch,ground_truth_fix,cwe_context_provided,repo_context_provided,success
tcpdump5d340a5ca6e420a70297cdbdf777333f18bfdab7," cfm_network_addr_print(netdissect_options *ndo,
                       register const u_char *tptr)
 {
     u_int network_addr_type;
     u_int hexdump =  FALSE;

    /*
     * Altough AFIs are tpically 2 octects wide,
      * 802.1ab specifies that this field width
      * is only once octet
      */
     network_addr_type = *tptr;
     ND_PRINT((ndo, ""\n\t  Network Address Type %s (%u)"",
            tok2str(af_values, ""Unknown"", network_addr_type),
           network_addr_type));

    /*
     * Resolve the passed in Address.
      */
     switch(network_addr_type) {
     case AFNUM_INET:
         ND_PRINT((ndo, "", %s"", ipaddr_string(ndo, tptr + 1)));
         break;
 
     case AFNUM_INET6:
         ND_PRINT((ndo, "", %s"", ip6addr_string(ndo, tptr + 1)));
         break;
 
    default:
        hexdump = TRUE;
        break;
    }

    return hexdump;
}
",CWE-125,Potential buffer over-read due to lack of bounds checking on the input pointer when reading network address type and address data.,"static int
cfm_network_addr_print(netdissect_options *ndo,
                       const u_char *tptr)
{
    u_int network_addr_type;
    u_int hexdump = FALSE;

    if (tptr == NULL) {
        return hexdump;
    }

    if (tptr + 1 > ndo->ndo_snapend) {
        return hexdump;
    }

    network_addr_type = *tptr;
    ND_PRINT((ndo, ""\n\t  Network Address Type %s (%u)"",
           tok2str(af_values, ""Unknown"", network_addr_type),
           network_addr_type));

    switch (network_addr_type) {
    case AFNUM_INET:
        if (tptr + 1 + 4 > ndo->ndo_snapend) {
            hexdump = TRUE;
            break;
        }
        ND_PRINT((ndo, "", %s"", ipaddr_string(ndo, tptr + 1)));
        break;

    case AFNUM_INET6:
        if (tptr + 1 + 16 > ndo->ndo_snapend) {
            hexdump = TRUE;
            break;
        }
        ND_PRINT((ndo, "", %s"", ip6addr_string(ndo, tptr + 1)));
        break;

    default:
        hexdump = TRUE;
        break;
    }

    return hexdump;
}","void cfm_network_addr_print(netdissect_options *ndo, const u_char *tptr) {
    u_int network_addr_type;
    u_int hexdump = FALSE;

    if (tptr == NULL) {
        return;
    }

    network_addr_type = *tptr;
    ND_PRINT((ndo, ""\n\t  Network Address Type %s (%u)"",
           tok2str(af_values, ""Unknown"", network_addr_type),
           network_addr_type));

    switch (network_addr_type) {
    case AFNUM_INET:
        if (tptr + 1 < tptr + 1 + sizeof(struct in_addr)) {
            ND_PRINT((ndo, "", %s"", ipaddr_string(ndo, tptr + 1)));
        } else {
            hexdump = TRUE;
        }
        break;

    case AFNUM_INET6:
        if (tptr + 1 < tptr + 1 + sizeof(struct in6_addr)) {
            ND_PRINT((ndo, "", %s"", ip6addr_string(ndo, tptr + 1)));
        } else {
            hexdump = TRUE;
        }
        break;

    default:
        hexdump = TRUE;
        break;
    }

    return;
}"," cfm_network_addr_print(netdissect_options *ndo,
                       register const u_char *tptr, const u_int length)
 {
     u_int network_addr_type;
     u_int hexdump =  FALSE;

    /*
     * Altough AFIs are tpically 2 octects wide,
      * 802.1ab specifies that this field width
      * is only once octet
      */
    if (length < 1) {
        ND_PRINT((ndo, ""\n\t  Network Address Type (invalid, no data""));
        return hexdump;
    }
    /* The calling function must make any due ND_TCHECK calls. */
     network_addr_type = *tptr;
     ND_PRINT((ndo, ""\n\t  Network Address Type %s (%u)"",
            tok2str(af_values, ""Unknown"", network_addr_type),
           network_addr_type));

    /*
     * Resolve the passed in Address.
      */
     switch(network_addr_type) {
     case AFNUM_INET:
        if (length != 1 + 4) {
            ND_PRINT((ndo, ""(invalid IPv4 address length %u)"", length - 1));
            hexdump = TRUE;
            break;
        }
         ND_PRINT((ndo, "", %s"", ipaddr_string(ndo, tptr + 1)));
         break;
 
     case AFNUM_INET6:
        if (length != 1 + 16) {
            ND_PRINT((ndo, ""(invalid IPv6 address length %u)"", length - 1));
            hexdump = TRUE;
            break;
        }
         ND_PRINT((ndo, "", %s"", ip6addr_string(ndo, tptr + 1)));
         break;
 
    default:
        hexdump = TRUE;
        break;
    }

    return hexdump;
}
","CWE Mitigation Guidelines:

**127: Buffer Under-read**
Description: The product reads from a buffer using buffer access mechanisms such as indexes or pointers that reference memory locations prior to the targeted buffer....
Mitigations: ...

**126: Buffer Over-read**
Description: The product reads from a buffer using buffer access mechanisms such as indexes or pointers that reference memory locations after the targeted buffer....
Mitigations: ...

","Repository Context (Similar Functions and Patterns):

--- Context Snippet 1 ---
File: print-cfm.c
Function: cfm_network_addr_print
Code:
static int
cfm_network_addr_print(netdissect_options *ndo,
                       register const u_char *tptr)
{
    u_int network_addr_type;
    u_int hexdump =  FALSE;

    /*
     * Altough AFIs are tpically 2 octects wide,
     * 802.1ab specifies that this field width
     * is only once octet
     */
    network_addr_type = *tptr;
    ND_PRINT((ndo, ""\n\t  Network Address Type %s (%u)"",
           tok2str(af_values, ""Unknown"", network_addr_type),
           network_addr_type));

    /*
     * Resolve the passed in Address.
     */
    switch(network_addr_type) {
    case AFNUM_INET:
        ND_PRINT((ndo, "", %s"", ipaddr_string(ndo, tptr + 1)));
        break;

    case AFNUM_INET6:
        ND_PRINT((ndo, "", %s"", ip6addr_string(ndo, tptr + 1)));
        break;

    default:
        hexdump = TRUE;
        break;
    }

    return hexdump;
}

--- Context Snippet 2 ---
File: print-lldp.c
Function: lldp_private_8021_print
Code:
static int
lldp_private_8021_print(netdissect_options *ndo,
                        const u_char *tptr, u_int tlv_len)
{
    int subtype, hexdump = FALSE;
    u_int sublen;
    u_int tval;
    u_int i;

    if (tlv_len < 4) {
        return hexdump;
    }
    subtype = *(tptr+3);

    ND_PRINT((ndo, ""\n\t  %s Subtype (%u)"",
           tok2str(lldp_8021_subtype_values, ""unknown"", subtype),
           subtype));

    switch (subtype) {
    case LLDP_PRIVATE_8021_SUBTYPE_PORT_VLAN_ID:
        if (tlv_len < 6) {
            return hexdump;
        }
        ND_PRINT((ndo, ""\n\t    port vlan id (PVID): %u"",
               EXTRACT_16BITS(tptr + 4)));
        break;
    case LLDP_PRIVATE_8021_SUBTYPE_PROTOCOL_VLAN_ID:
        if (tlv_len < 7) {
            return hexdump;
        }
        ND_PRINT((ndo, ""\n\t    port and protocol vlan id (PPVID): %u, flags [%s] (0x%02x)"",
               EXTRACT_16BITS(tptr+5),
	       bittok2str(lldp_8021_port_protocol_id_values, ""none"", *(tptr+4)),
	       ...

--- Context Snippet 3 ---
File: print-ip.c
Function: ipN_print
Code:
void
ipN_print(netdissect_options *ndo, register const u_char *bp, register u_int length)
{
	if (length < 1) {
		ND_PRINT((ndo, ""truncated-ip %d"", length));
		return;
	}

	ND_TCHECK(*bp);
	switch (*bp & 0xF0) {
	case 0x40:
		ip_print (ndo, bp, length);
		break;
	case 0x60:
		ip6_print (ndo, bp, length);
		break;
	default:
		ND_PRINT((ndo, ""unknown ip %d"", (*bp & 0xF0) >> 4));
		break;
	}
	return;

trunc:
	ND_PRINT((ndo, ""%s"", tstr));
	return;
}

",True
tcpdump1dcd10aceabbc03bf571ea32b892c522cbe923de,"isoclns_print(netdissect_options *ndo,
              const uint8_t *p, u_int length, u_int caplen)
 {
	if (caplen <= 1) { /* enough bytes on the wire ? */
 		ND_PRINT((ndo, ""|OSI""));
 		return;
 	}

	if (ndo->ndo_eflag)
		ND_PRINT((ndo, ""OSI NLPID %s (0x%02x): "", tok2str(nlpid_values, ""Unknown"", *p), *p));

	switch (*p) {
 
 	case NLPID_CLNP:
 		if (!clnp_print(ndo, p, length))
			print_unknown_data(ndo, p, ""\n\t"", caplen);
 		break;
 
 	case NLPID_ESIS:
		esis_print(ndo, p, length);
		return;
 
 	case NLPID_ISIS:
 		if (!isis_print(ndo, p, length))
			print_unknown_data(ndo, p, ""\n\t"", caplen);
 		break;
 
 	case NLPID_NULLNS:
		ND_PRINT((ndo, ""%slength: %u"", ndo->ndo_eflag ? """" : "", "", length));
		break;

	case NLPID_Q933:
		q933_print(ndo, p + 1, length - 1);
		break;

	case NLPID_IP:
		ip_print(ndo, p + 1, length - 1);
		break;

	case NLPID_IP6:
		ip6_print(ndo, p + 1, length - 1);
		break;

	case NLPID_PPP:
		ppp_print(ndo, p + 1, length - 1);
		break;

	default:
 		if (!ndo->ndo_eflag)
 			ND_PRINT((ndo, ""OSI NLPID 0x%02x unknown"", *p));
 		ND_PRINT((ndo, ""%slength: %u"", ndo->ndo_eflag ? """" : "", "", length));
		if (caplen > 1)
			print_unknown_data(ndo, p, ""\n\t"", caplen);
 		break;
 	}
 }
",CWE-119,Potential buffer over-read due to insufficient validation of 'caplen' before accessing data in print_unknown_data calls.,"void isoclns_print(netdissect_options *ndo,
                   const uint8_t *p, u_int length, u_int caplen)
{
    if (caplen <= 1 || p == NULL) {
        ND_PRINT((ndo, ""|OSI""));
        return;
    }

    if (length < 1) {
        ND_PRINT((ndo, ""truncated-OSI""));
        return;
    }

    if (ndo->ndo_eflag)
        ND_PRINT((ndo, ""OSI NLPID %s (0x%02x): "", tok2str(nlpid_values, ""Unknown"", *p), *p));

    switch (*p) {
    case NLPID_CLNP:
        if (!clnp_print(ndo, p, length))
            print_unknown_data(ndo, p, ""\n\t"", caplen);
        break;

    case NLPID_ESIS:
        esis_print(ndo, p, length);
        return;

    case NLPID_ISIS:
        if (!isis_print(ndo, p, length))
            print_unknown_data(ndo, p, ""\n\t"", caplen);
        break;

    case NLPID_NULLNS:
        ND_PRINT((ndo, ""%slength: %u"", ndo->ndo_eflag ? """" : "", "", length));
        break;

    case NLPID_Q933:
        if (length > 1)
            q933_print(ndo, p + 1, length - 1);
        else
            print_unknown_data(ndo, p, ""\n\t"", caplen);
        break;

    case NLPID_IP:
        if (length > 1)
            ip_print(ndo, p + 1, length - 1);
        else
            print_unknown_data(ndo, p, ""\n\t"", caplen);
        break;

    case NLPID_IP6:
        if (length > 1)
            ip6_print(ndo, p + 1, length - 1);
        else
            print_unknown_data(ndo, p, ""\n\t"", caplen);
        break;

    case NLPID_PPP:
        if (length > 1)
            ppp_print(ndo, p + 1, length - 1);
        else
            print_unknown_data(ndo, p, ""\n\t"", caplen);
        break;

    default:
        if (!ndo->ndo_eflag)
            ND_PRINT((ndo, ""OSI NLPID 0x%02x unknown"", *p));
        ND_PRINT((ndo, ""%slength: %u"", ndo->ndo_eflag ? """" : "", "", length));
        if (caplen > 1)
            print_unknown_data(ndo, p, ""\n\t"", caplen);
        break;
    }
}","void isoclns_print(netdissect_options *ndo, const uint8_t *p, u_int length, u_int caplen) {
    if (caplen <= 1 || p == NULL) {
        ND_PRINT((ndo, ""|OSI""));
        return;
    }

    if (length < 1) {
        ND_PRINT((ndo, ""|OSI""));
        return;
    }

    if (ndo->ndo_eflag)
        ND_PRINT((ndo, ""OSI NLPID %s (0x%02x): "", tok2str(nlpid_values, ""Unknown"", *p), *p));

    switch (*p) {
        case NLPID_CLNP:
            if (length - 1 > caplen - 1) {
                print_unknown_data(ndo, p, ""\n\t"", caplen);
                break;
            }
            if (!clnp_print(ndo, p, length))
                print_unknown_data(ndo, p, ""\n\t"", caplen);
            break;

        case NLPID_ESIS:
            if (length - 1 > caplen - 1) {
                print_unknown_data(ndo, p, ""\n\t"", caplen);
                break;
            }
            esis_print(ndo, p, length);
            return;

        case NLPID_ISIS:
            if (length - 1 > caplen - 1) {
                print_unknown_data(ndo, p, ""\n\t"", caplen);
                break;
            }
            if (!isis_print(ndo, p, length))
                print_unknown_data(ndo, p, ""\n\t"", caplen);
            break;

        case NLPID_NULLNS:
            ND_PRINT((ndo, ""%slength: %u"", ndo->ndo_eflag ? """" : "", "", length));
            break;

        case NLPID_Q933:
            if (length - 1 > caplen - 1) {
                print_unknown_data(ndo, p, ""\n\t"", caplen);
                break;
            }
            q933_print(ndo, p + 1, length - 1);
            break;

        case NLPID_IP:
            if (length - 1 > caplen - 1) {
                print_unknown_data(ndo, p, ""\n\t"", caplen);
                break;
            }
            ip_print(ndo, p + 1, length - 1);
            break;

        case NLPID_IP6:
            if (length - 1 > caplen - 1) {
                print_unknown_data(ndo, p, ""\n\t"", caplen);
                break;
            }
            ip6_print(ndo, p + 1, length - 1);
            break;

        case NLPID_PPP:
            if (length - 1 > caplen - 1) {
                print_unknown_data(ndo, p, ""\n\t"", caplen);
                break;
            }
            ppp_print(ndo, p + 1, length - 1);
            break;

        default:
            if (!ndo->ndo_eflag)
                ND_PRINT((ndo, ""OSI NLPID 0x%02x unknown"", *p));
            ND_PRINT((ndo, ""%slength: %u"", ndo->ndo_eflag ? """" : "", "", length));
            if (caplen > 1)
                print_unknown_data(ndo, p, ""\n\t"", caplen);
            break;
    }
}","isoclns_print(netdissect_options *ndo,
isoclns_print(netdissect_options *ndo, const uint8_t *p, u_int length)
 {
	if (!ND_TTEST(*p)) { /* enough bytes on the wire ? */
 		ND_PRINT((ndo, ""|OSI""));
 		return;
 	}

	if (ndo->ndo_eflag)
		ND_PRINT((ndo, ""OSI NLPID %s (0x%02x): "", tok2str(nlpid_values, ""Unknown"", *p), *p));

	switch (*p) {
 
 	case NLPID_CLNP:
 		if (!clnp_print(ndo, p, length))
			print_unknown_data(ndo, p, ""\n\t"", length);
 		break;
 
 	case NLPID_ESIS:
		esis_print(ndo, p, length);
		return;
 
 	case NLPID_ISIS:
 		if (!isis_print(ndo, p, length))
			print_unknown_data(ndo, p, ""\n\t"", length);
 		break;
 
 	case NLPID_NULLNS:
		ND_PRINT((ndo, ""%slength: %u"", ndo->ndo_eflag ? """" : "", "", length));
		break;

	case NLPID_Q933:
		q933_print(ndo, p + 1, length - 1);
		break;

	case NLPID_IP:
		ip_print(ndo, p + 1, length - 1);
		break;

	case NLPID_IP6:
		ip6_print(ndo, p + 1, length - 1);
		break;

	case NLPID_PPP:
		ppp_print(ndo, p + 1, length - 1);
		break;

	default:
 		if (!ndo->ndo_eflag)
 			ND_PRINT((ndo, ""OSI NLPID 0x%02x unknown"", *p));
 		ND_PRINT((ndo, ""%slength: %u"", ndo->ndo_eflag ? """" : "", "", length));
		if (length > 1)
			print_unknown_data(ndo, p, ""\n\t"", length);
 		break;
 	}
 }
","CWE Mitigation Guidelines:

**127: Buffer Under-read**
Description: The product reads from a buffer using buffer access mechanisms such as indexes or pointers that reference memory locations prior to the targeted buffer....
Mitigations: ...

**680: Integer Overflow to Buffer Overflow**
Description: The product performs a calculation to determine how much memory to allocate, but an integer overflow can occur that causes less memory to be allocated than expected, leading to a buffer overflow....
Mitigations: ...

","Repository Context (Similar Functions and Patterns):

--- Context Snippet 1 ---
File: print-isoclns.c
Function: isoclns_print
Code:
void
isoclns_print(netdissect_options *ndo,
              const uint8_t *p, u_int length, u_int caplen)
{
	if (caplen <= 1) { /* enough bytes on the wire ? */
		ND_PRINT((ndo, ""|OSI""));
		return;
	}

	if (ndo->ndo_eflag)
		ND_PRINT((ndo, ""OSI NLPID %s (0x%02x): "", tok2str(nlpid_values, ""Unknown"", *p), *p));

	switch (*p) {

	case NLPID_CLNP:
		if (!clnp_print(ndo, p, length))
			print_unknown_data(ndo, p, ""\n\t"", caplen);
		break;

	case NLPID_ESIS:
		esis_print(ndo, p, length);
		return;

	case NLPID_ISIS:
		if (!isis_print(ndo, p, length))
			print_unknown_data(ndo, p, ""\n\t"", caplen);
		break;

	case NLPID_NULLNS:
		ND_PRINT((ndo, ""%slength: %u"", ndo->ndo_eflag ? """" : "", "", length));
		break;

	case NLPID_Q933:
		q933_print(ndo, p + 1, length - 1);
		break;

	case NLPID_IP:
		ip_print(ndo, p + 1, length - 1);
		break;

	case NLPID_IP6:
		ip6_print(ndo, p + 1, length - 1);
		break;

	case NLPID_PPP:
		ppp_print(ndo, p + 1, length - 1);
		break;

	default:
		if (!ndo->ndo_eflag)
			ND...

--- Context Snippet 2 ---
File: print-ip.c
Function: ipN_print
Code:
void
ipN_print(netdissect_options *ndo, register const u_char *bp, register u_int length)
{
	if (length < 1) {
		ND_PRINT((ndo, ""truncated-ip %d"", length));
		return;
	}

	ND_TCHECK(*bp);
	switch (*bp & 0xF0) {
	case 0x40:
		ip_print (ndo, bp, length);
		break;
	case 0x60:
		ip6_print (ndo, bp, length);
		break;
	default:
		ND_PRINT((ndo, ""unknown ip %d"", (*bp & 0xF0) >> 4));
		break;
	}
	return;

trunc:
	ND_PRINT((ndo, ""%s"", tstr));
	return;
}

--- Context Snippet 3 ---
File: print-gre.c
Function: gre_print
Code:
void
gre_print(netdissect_options *ndo, const u_char *bp, u_int length)
{
	u_int len = length, vers;

	ND_TCHECK2(*bp, 2);
	if (len < 2)
		goto trunc;
	vers = EXTRACT_16BITS(bp) & GRE_VERS_MASK;
        ND_PRINT((ndo, ""GREv%u"",vers));

        switch(vers) {
        case 0:
            gre_print_0(ndo, bp, len);
            break;
        case 1:
            gre_print_1(ndo, bp, len);
            break;
	default:
            ND_PRINT((ndo, "" ERROR: unknown-version""));
            break;
        }
        return;

trunc:
	ND_PRINT((ndo, ""%s"", tstr));
	return;
}

",True
libbsdc8f0723d2b4520bdd6b9eb7c3e7976de726d7ff7,"fgetwln(FILE *stream, size_t *lenp)
{
	struct filewbuf *fb;
	wint_t wc;
	size_t wused = 0;

	/* Try to diminish the possibility of several fgetwln() calls being
	 * used on different streams, by using a pool of buffers per file. */
	fb = &fb_pool[fb_pool_cur];
	if (fb->fp != stream && fb->fp != NULL) {
		fb_pool_cur++;
		fb_pool_cur %= FILEWBUF_POOL_ITEMS;
		fb = &fb_pool[fb_pool_cur];
	}
 	fb->fp = stream;
 
 	while ((wc = fgetwc(stream)) != WEOF) {
		if (!fb->len || wused > fb->len) {
 			wchar_t *wp;
 
 			if (fb->len)
				fb->len *= 2;
			else
				fb->len = FILEWBUF_INIT_LEN;

			wp = reallocarray(fb->wbuf, fb->len, sizeof(wchar_t));
			if (wp == NULL) {
				wused = 0;
				break;
			}
			fb->wbuf = wp;
		}

		fb->wbuf[wused++] = wc;

		if (wc == L'\n')
			break;
	}

	*lenp = wused;
	return wused ? fb->wbuf : NULL;
}
",CWE-787,"Potential buffer overflow due to improper bounds check when resizing the buffer with reallocarray, risking overwriting memory if wused exceeds allocated size.","fgetwln(FILE *stream, size_t *lenp)
{
	struct filewbuf *fb;
	wint_t wc;
	size_t wused = 0;

	fb = &fb_pool[fb_pool_cur];
	if (fb->fp != stream && fb->fp != NULL) {
		fb_pool_cur++;
		fb_pool_cur %= FILEWBUF_POOL_ITEMS;
		fb = &fb_pool[fb_pool_cur];
	}
 	fb->fp = stream;

	while ((wc = fgetwc(stream)) != WEOF) {
		if (!fb->len || wused >= fb->len) {
			size_t new_len;
			if (fb->len)
				new_len = fb->len * 2;
			else
				new_len = FILEWBUF_INIT_LEN;

			if (new_len <= fb->len) {
				// Handle potential integer overflow or no growth
				new_len = fb->len + 1;
			}

			wchar_t *wp = reallocarray(fb->wbuf, new_len, sizeof(wchar_t));
			if (wp == NULL) {
				wused = 0;
				break;
			}
			fb->wbuf = wp;
			fb->len = new_len;
		}

		fb->wbuf[wused++] = wc;

		if (wc == L'\n')
			break;
	}

	*lenp = wused;
	return wused ? fb->wbuf : NULL;
}","fgetwln(FILE *stream, size_t *lenp)
{
    struct filewbuf *fb;
    wint_t wc;
    size_t wused = 0;

    if (stream == NULL || lenp == NULL) {
        return NULL;
    }

    fb = &fb_pool[fb_pool_cur];
    if (fb->fp != stream && fb->fp != NULL) {
        fb_pool_cur++;
        fb_pool_cur %= FILEWBUF_POOL_ITEMS;
        fb = &fb_pool[fb_pool_cur];
    }
    fb->fp = stream;

    while ((wc = fgetwc(stream)) != WEOF) {
        if (wc == WEOF) {
            break;
        }
        if (!fb->len || wused >= fb->len) {
            size_t new_len = fb->len ? fb->len * 2 : FILEWBUF_INIT_LEN;
            wchar_t *wp = reallocarray(fb->wbuf, new_len, sizeof(wchar_t));
            if (wp == NULL) {
                wused = 0;
                break;
            }
            fb->wbuf = wp;
            fb->len = new_len;
        }

        fb->wbuf[wused++] = wc;

        if (wc == L'\n')
            break;
    }

    *lenp = wused;
    return wused ? fb->wbuf : NULL;
}","fgetwln(FILE *stream, size_t *lenp)
{
	struct filewbuf *fb;
	wint_t wc;
	size_t wused = 0;

	/* Try to diminish the possibility of several fgetwln() calls being
	 * used on different streams, by using a pool of buffers per file. */
	fb = &fb_pool[fb_pool_cur];
	if (fb->fp != stream && fb->fp != NULL) {
		fb_pool_cur++;
		fb_pool_cur %= FILEWBUF_POOL_ITEMS;
		fb = &fb_pool[fb_pool_cur];
	}
 	fb->fp = stream;
 
 	while ((wc = fgetwc(stream)) != WEOF) {
		if (!fb->len || wused >= fb->len) {
 			wchar_t *wp;
 
 			if (fb->len)
				fb->len *= 2;
			else
				fb->len = FILEWBUF_INIT_LEN;

			wp = reallocarray(fb->wbuf, fb->len, sizeof(wchar_t));
			if (wp == NULL) {
				wused = 0;
				break;
			}
			fb->wbuf = wp;
		}

		fb->wbuf[wused++] = wc;

		if (wc == L'\n')
			break;
	}

	*lenp = wused;
	return wused ? fb->wbuf : NULL;
}
","CWE Mitigation Guidelines:

**244: Improper Clearing of Heap Memory Before Release ('Heap Inspection')**
Description: Using realloc() to resize buffers that store sensitive information can leave the sensitive information exposed to attack, because it is not removed from memory....
Mitigations: ...

**680: Integer Overflow to Buffer Overflow**
Description: The product performs a calculation to determine how much memory to allocate, but an integer overflow can occur that causes less memory to be allocated than expected, leading to a buffer overflow....
Mitigations: ...

",No relevant repository context found.,True
mruby778500563a9f7ceba996937dc886bd8cde29b42b,"fiber_switch(mrb_state *mrb, mrb_value self, mrb_int len, const mrb_value *a, mrb_bool resume, mrb_bool vmexec)
 {
   struct mrb_context *c = fiber_check(mrb, self);
   struct mrb_context *old_c = mrb->c;
   mrb_value value;
 
   fiber_check_cfunc(mrb, c);
  if (resume && c->status == MRB_FIBER_TRANSFERRED) {
     mrb_raise(mrb, E_FIBER_ERROR, ""resuming transferred fiber"");
   }
  if (c->status == MRB_FIBER_RUNNING || c->status == MRB_FIBER_RESUMED) {
     mrb_raise(mrb, E_FIBER_ERROR, ""double resume (fib)"");
   }
  if (c->status == MRB_FIBER_TERMINATED) {
     mrb_raise(mrb, E_FIBER_ERROR, ""resuming dead fiber"");
   }
  mrb->c->status = resume ? MRB_FIBER_RESUMED : MRB_FIBER_TRANSFERRED;
   c->prev = resume ? mrb->c : (c->prev ? c->prev : mrb->root_c);
  if (c->status == MRB_FIBER_CREATED) {
     mrb_value *b, *e;
 
    if (len >= c->stend - c->stack) {
      mrb_raise(mrb, E_FIBER_ERROR, ""too many arguments to fiber"");
    }
     b = c->stack+1;
     e = b + len;
     while (b<e) {
      *b++ = *a++;
    }
    c->cibase->argc = (int)len;
    value = c->stack[0] = MRB_PROC_ENV(c->ci->proc)->stack[0];
  }
   else {
     value = fiber_result(mrb, a, len);
   }
  fiber_switch_context(mrb, c);
 
   if (vmexec) {
     c->vmexec = TRUE;
    value = mrb_vm_exec(mrb, c->ci[-1].proc, c->ci->pc);
    mrb->c = old_c;
  }
  else {
    MARK_CONTEXT_MODIFY(c);
  }
  return value;
}
",CWE-787,Potential buffer overflow when copying arguments to fiber stack if 'len' exceeds available space without proper bounds checking.,"static mrb_value
fiber_switch(mrb_state *mrb, mrb_value self, mrb_int len, const mrb_value *a, mrb_bool resume, mrb_bool vmexec)
{
  struct mrb_context *c = fiber_check(mrb, self);
  struct mrb_context *old_c = mrb->c;
  mrb_value value;

  fiber_check_cfunc(mrb, c);
  if (resume && c->status == MRB_FIBER_TRANSFERRED) {
    mrb_raise(mrb, E_FIBER_ERROR, ""resuming transferred fiber"");
  }
  if (c->status == MRB_FIBER_RUNNING || c->status == MRB_FIBER_RESUMED) {
    mrb_raise(mrb, E_FIBER_ERROR, ""double resume (fib)"");
  }
  if (c->status == MRB_FIBER_TERMINATED) {
    mrb_raise(mrb, E_FIBER_ERROR, ""resuming dead fiber"");
  }
  mrb->c->status = resume ? MRB_FIBER_RESUMED : MRB_FIBER_TRANSFERRED;
  c->prev = resume ? mrb->c : (c->prev ? c->prev : mrb->root_c);
  if (c->status == MRB_FIBER_CREATED) {
    mrb_value *b, *e;

    if (len < 0 || (size_t)len > (size_t)(c->stend - c->stack - 1)) {
      mrb_raise(mrb, E_FIBER_ERROR, ""too many arguments to fiber"");
    }
    b = c->stack + 1;
    e = b + len;
    if (a == NULL && len > 0) {
      mrb_raise(mrb, E_FIBER_ERROR, ""invalid arguments"");
    }
    if (a != NULL && len > 0) {
      size_t i;
      for (i = 0; i < (size_t)len; i++) {
        b[i] = a[i];
      }
    }
    c->cibase->argc = (int)len;
    value = c->stack[0] = MRB_PROC_ENV(c->ci->proc)->stack[0];
  } else {
    value = fiber_result(mrb, a, len);
  }
  fiber_switch_context(mrb, c);

  if (vmexec) {
    c->vmexec = TRUE;
    value = mrb_vm_exec(mrb, c->ci[-1].proc, c->ci->pc);
    mrb->c = old_c;
  } else {
    MARK_CONTEXT_MODIFY(c);
  }
  return value;
}","fiber_switch(mrb_state *mrb, mrb_value self, mrb_int len, const mrb_value *a, mrb_bool resume, mrb_bool vmexec) {
  struct mrb_context *c = fiber_check(mrb, self);
  struct mrb_context *old_c = mrb->c;
  mrb_value value;

  fiber_check_cfunc(mrb, c);
  if (resume && c->status == MRB_FIBER_TRANSFERRED) {
    mrb_raise(mrb, E_FIBER_ERROR, ""resuming transferred fiber"");
  }
  if (c->status == MRB_FIBER_RUNNING || c->status == MRB_FIBER_RESUMED) {
    mrb_raise(mrb, E_FIBER_ERROR, ""double resume (fib)"");
  }
  if (c->status == MRB_FIBER_TERMINATED) {
    mrb_raise(mrb, E_FIBER_ERROR, ""resuming dead fiber"");
  }
  mrb->c->status = resume ? MRB_FIBER_RESUMED : MRB_FIBER_TRANSFERRED;
  c->prev = resume ? mrb->c : (c->prev ? c->prev : mrb->root_c);
  if (c->status == MRB_FIBER_CREATED) {
    mrb_value *b, *e;

    if (len < 0 || len > c->stend - c->stack - 1) {
      mrb_raise(mrb, E_FIBER_ERROR, ""too many arguments to fiber"");
    }
    b = c->stack + 1;
    e = b + len;
    for (mrb_int i = 0; i < len; i++) {
      b[i] = a[i];
    }
    c->cibase->argc = (int)len;
    value = c->stack[0] = MRB_PROC_ENV(c->ci->proc)->stack[0];
  } else {
    value = fiber_result(mrb, a, len);
  }
  fiber_switch_context(mrb, c);

  if (vmexec) {
    c->vmexec = TRUE;
    value = mrb_vm_exec(mrb, c->ci[-1].proc, c->ci->pc);
    mrb->c = old_c;
  } else {
    MARK_CONTEXT_MODIFY(c);
  }
  return value;
}","fiber_switch(mrb_state *mrb, mrb_value self, mrb_int len, const mrb_value *a, mrb_bool resume, mrb_bool vmexec)
 {
   struct mrb_context *c = fiber_check(mrb, self);
   struct mrb_context *old_c = mrb->c;
  enum mrb_fiber_state status;
   mrb_value value;
 
   fiber_check_cfunc(mrb, c);
  status = c->status;
  if (resume && status == MRB_FIBER_TRANSFERRED) {
     mrb_raise(mrb, E_FIBER_ERROR, ""resuming transferred fiber"");
   }
  if (status == MRB_FIBER_RUNNING || status == MRB_FIBER_RESUMED) {
     mrb_raise(mrb, E_FIBER_ERROR, ""double resume (fib)"");
   }
  if (status == MRB_FIBER_TERMINATED) {
     mrb_raise(mrb, E_FIBER_ERROR, ""resuming dead fiber"");
   }
  old_c->status = resume ? MRB_FIBER_RESUMED : MRB_FIBER_TRANSFERRED;
   c->prev = resume ? mrb->c : (c->prev ? c->prev : mrb->root_c);
  fiber_switch_context(mrb, c);
  if (status == MRB_FIBER_CREATED) {
     mrb_value *b, *e;
 
    mrb_stack_extend(mrb, len+2); /* for receiver and (optional) block */
     b = c->stack+1;
     e = b + len;
     while (b<e) {
      *b++ = *a++;
    }
    c->cibase->argc = (int)len;
    value = c->stack[0] = MRB_PROC_ENV(c->ci->proc)->stack[0];
  }
   else {
     value = fiber_result(mrb, a, len);
   }
 
   if (vmexec) {
     c->vmexec = TRUE;
    value = mrb_vm_exec(mrb, c->ci[-1].proc, c->ci->pc);
    mrb->c = old_c;
  }
  else {
    MARK_CONTEXT_MODIFY(c);
  }
  return value;
}
","CWE Mitigation Guidelines:

**806: Buffer Access Using Size of Source Buffer**
Description: The product uses the size of a source buffer when reading from or writing to a destination buffer, which may cause it to access memory that is outside of the bounds of the buffer....
Mitigations: Mitigation: Phase: Architecture and Design Description: Use an abstraction library to abstract away risky APIs. Examples include the Safe C String Library (SafeStr) by Viega, and the Strsafe.h library from Microsoft. This is not a complete solution, since many buffer overflows are not related to str...

**785: Use of Path Manipulation Function without Maximum-sized Buffer**
Description: The product invokes a function for normalizing paths or file names, but it provides an output buffer that is smaller than the maximum possible size, such as PATH_MAX....
Mitigations: Mitigation: Phase: Implementation Description: Always specify output buffers large enough to handle the maximum-size possible result from path manipulation functions....

","Repository Context (Similar Functions and Patterns):

--- Context Snippet 1 ---
File: mrbgems\mruby-fiber\src\fiber.c
Function: fiber_switch
Code:
static mrb_value
fiber_switch(mrb_state *mrb, mrb_value self, mrb_int len, const mrb_value *a, mrb_bool resume, mrb_bool vmexec)
{
  struct mrb_context *c = fiber_check(mrb, self);
  struct mrb_context *old_c = mrb->c;
  mrb_value value;

  fiber_check_cfunc(mrb, c);
  if (resume && c->status == MRB_FIBER_TRANSFERRED) {
    mrb_raise(mrb, E_FIBER_ERROR, ""resuming transferred fiber"");
  }
  if (c->status == MRB_FIBER_RUNNING || c->status == MRB_FIBER_RESUMED) {
    mrb_raise(mrb, E_FIBER_ERROR, ""double resume (fib)"");
  }
  if (c->status == MRB_FIBER_TERMINATED) {
    mrb_raise(mrb, E_FIBER_ERROR, ""resuming dead fiber"");
  }
  mrb->c->status = resume ? MRB_FIBER_RESUMED : MRB_FIBER_TRANSFERRED;
  c->prev = resume ? mrb->c : (c->prev ? c->prev : mrb->root_c);
  if (c->status == MRB_FIBER_CREATED) {
    mrb_value *b, *e;

    if (len >= c->stend - c->stack) {
      mrb_raise(mrb, E_FIBER_ERROR, ""too many arguments to fiber"");
    }
    b = c->stack+1;
    e = b + len;
    while (b<e) {
  ...

--- Context Snippet 2 ---
File: mrbgems\mruby-fiber\src\fiber.c
Function: fiber_transfer
Code:
static mrb_value
fiber_transfer(mrb_state *mrb, mrb_value self)
{
  struct mrb_context *c = fiber_check(mrb, self);
  mrb_value* a;
  mrb_int len;

  fiber_check_cfunc(mrb, mrb->c);
  mrb_get_args(mrb, ""*!"", &a, &len);

  if (c == mrb->root_c) {
    mrb->c->status = MRB_FIBER_TRANSFERRED;
    fiber_switch_context(mrb, c);
    MARK_CONTEXT_MODIFY(c);
    return fiber_result(mrb, a, len);
  }

  if (c == mrb->c) {
    return fiber_result(mrb, a, len);
  }

  return fiber_switch(mrb, self, len, a, FALSE, FALSE);
}

--- Context Snippet 3 ---
File: mrbgems\mruby-fiber\src\fiber.c
Function: mrb_fiber_alive_p
Code:
MRB_API mrb_value
mrb_fiber_alive_p(mrb_state *mrb, mrb_value self)
{
  struct mrb_context *c = fiber_check(mrb, self);
  return mrb_bool_value(c->status != MRB_FIBER_TERMINATED);
}

",True
yara3119b232c9c453c98d8fa8b6ae4e37ba18117cd4," int re_yyget_lineno  (yyscan_t yyscanner)
 {
     struct yyguts_t * yyg = (struct yyguts_t*)yyscanner;
         if (! YY_CURRENT_BUFFER)
             return 0;
     
    return yylineno;
}
",CWE-676,"Potential null pointer dereference if YY_CURRENT_BUFFER is null, leading to undefined behavior.","int re_yyget_lineno(yyscan_t yyscanner)
{
    struct yyguts_t * yyg = (struct yyguts_t*)yyscanner;
    if (yyg == NULL || YY_CURRENT_BUFFER == NULL)
        return 0;
    return yylineno;
}","int re_yyget_lineno(yyscan_t yyscanner) {
    if (yyscanner == NULL) {
        return 0;
    }
    struct yyguts_t * yyg = (struct yyguts_t*) yyscanner;
    if (!YY_CURRENT_BUFFER || yyg == NULL) {
        return 0;
    }
    return yylineno;
}"," int re_yyget_lineno  (yyscan_t yyscanner)
 {
     struct yyguts_t * yyg = (struct yyguts_t*)yyscanner;

         if (! YY_CURRENT_BUFFER)
             return 0;
     
    return yylineno;
}
","CWE Mitigation Guidelines:

**690: Unchecked Return Value to NULL Pointer Dereference**
Description: The product does not check for an error after calling a function that can return with a NULL pointer if the function fails, which leads to a resultant NULL pointer dereference....
Mitigations: ...

**466: Return of Pointer Value Outside of Expected Range**
Description: A function can return a pointer to memory that is outside of the buffer that the pointer is expected to reference....
Mitigations: ...

","Repository Context (Similar Functions and Patterns):

--- Context Snippet 1 ---
File: libyara\re_lexer.c
Function: re_yyget_lineno
Code:
int re_yyget_lineno  (yyscan_t yyscanner)
{
    struct yyguts_t * yyg = (struct yyguts_t*)yyscanner;
    
        if (! YY_CURRENT_BUFFER)
            return 0;
    
    return yylineno;
}

--- Context Snippet 2 ---
File: libyara\re_lexer.c
Function: re_yyset_lineno
Code:
void re_yyset_lineno (int  _line_number , yyscan_t yyscanner)
{
    struct yyguts_t * yyg = (struct yyguts_t*)yyscanner;

        /* lineno is only valid if an input buffer exists. */
        if (! YY_CURRENT_BUFFER )
           YY_FATAL_ERROR( ""re_yyset_lineno called with no buffer"" );
    
    yylineno = _line_number;
}

--- Context Snippet 3 ---
File: libyara\re_lexer.c
Function: yy_get_next_buffer
Code:
static int yy_get_next_buffer (yyscan_t yyscanner)
{
    struct yyguts_t * yyg = (struct yyguts_t*)yyscanner;
	char *dest = YY_CURRENT_BUFFER_LVALUE->yy_ch_buf;
	char *source = yyg->yytext_ptr;
	yy_size_t number_to_move, i;
	int ret_val;

	if ( yyg->yy_c_buf_p > &YY_CURRENT_BUFFER_LVALUE->yy_ch_buf[yyg->yy_n_chars + 1] )
		YY_FATAL_ERROR(
		""fatal flex scanner internal error--end of buffer missed"" );

	if ( YY_CURRENT_BUFFER_LVALUE->yy_fill_buffer == 0 )
		{ /* Don't try to fill the buffer, so this is an EOF. */
		if ( yyg->yy_c_buf_p - yyg->yytext_ptr - YY_MORE_ADJ == 1 )
			{
			/* We matched a single character, the EOB, so
			 * treat this as a final EOF.
			 */
			return EOB_ACT_END_OF_FILE;
			}

		else
			{
			/* We matched some text prior to the EOB, first
			 * process it.
			 */
			return EOB_ACT_LAST_MATCH;
			}
		}

	/* Try to read more data. */

	/* First move last chars to start of buffer. */
	number_to_move = (yy_size_t) (yyg->yy_c_buf_p - yyg->yytext_ptr) - 1;

	for ( i ...

",True
